Matrix Size (N),Measured GFLOP/s,Theoretical Peak GFLOP/s
1,0.00104858,2.59501e-06
10,0.0499322,2.59501e-05
100,0.0646556,0.000259501000,0.073209,0.00259501
1


